date_id,time_id,symbol_id,weight,feature_00,feature_01,feature_02,feature_03,feature_04,feature_05,feature_06,feature_07,feature_08,feature_09,feature_10,feature_11,feature_12,feature_13,feature_14,feature_15,feature_16,feature_17,feature_18,feature_19,feature_20,feature_21,feature_22,feature_23,feature_24,feature_25,feature_26,feature_27,feature_28,feature_29,feature_30,feature_31,feature_32,feature_33,feature_34,feature_35,feature_36,feature_37,feature_38,feature_39,feature_40,feature_41,feature_42,feature_43,feature_44,feature_45,feature_46,feature_47,feature_48,feature_49,feature_50,feature_51,feature_52,feature_53,feature_54,feature_55,feature_56,feature_57,feature_58,feature_59,feature_60,feature_61,feature_62,feature_63,feature_64,feature_65,feature_66,feature_67,feature_68,feature_69,feature_70,feature_71,feature_72,feature_73,feature_74,feature_75,feature_76,feature_77,feature_78,responder_0,responder_1,responder_2,responder_3,responder_4,responder_5,responder_6,responder_7,responder_8
0,0,1,3.8890383,,,,,,0.8510327,0.24297127,0.26340032,-0.89168686,11,7,76,-0.883028,0.003067292,-0.7447033,,-0.16958605,,-1.3359376,-1.7078027,0.91013026,,1.6364306,1.5221335,-1.5513983,-0.22962728,,,1.3783009,-0.2837122,0.123195924,,,,0.28117955,0.26916322,0.34902847,-0.012596331,-0.22593237,,-1.0736024,,,-0.18171607,,,,0.56402075,2.0885055,0.83202195,,0.20479727,,,-0.80810255,,-2.0376825,0.7276608,,-0.9891182,-0.34521252,-1.3622401,,,,,,-1.2511038,-0.11025166,-0.49115717,-1.0226904,0.15224081,-0.65986395,,,-0.26141173,-0.21148589,-0.3355564,-0.28149846,0.73848903,-0.06955574,1.3808746,2.005353,0.18601812,1.2183683,0.77598065,0.3469987,0.095503904
0,0,7,1.3706135,,,,,,0.67696106,0.15198377,0.19246513,-0.5217288,11,7,76,-0.8653066,-0.22562928,-0.5821631,,0.31746668,,-1.2500162,-1.6829287,1.4127568,,0.5203782,0.7441318,-0.7886583,0.64177644,,,0.22720012,0.5809068,1.1288794,,,,-1.5122856,-1.4143571,-1.8233217,-0.08276345,-0.18411872,,,,,,,,,-10.835207,-0.0027040143,-0.62183553,,1.1728357,,,-1.6258625,,-1.4100174,1.0630132,,0.88835526,0.46799383,-1.3622401,,,,,,-1.065759,0.013321621,-0.5928546,-1.052685,-0.39372626,-0.741603,,,-0.28120655,-0.18289371,-0.24556544,-0.30244073,2.9658892,1.1900771,-0.523998,3.8499207,2.6269813,5.0,0.7036654,0.21668315,0.7786386
0,0,9,2.2856984,,,,,,1.0562848,0.18722738,0.24990147,-0.77305025,11,7,76,-0.6757187,-0.19940446,-0.58679765,,-0.81490916,,-1.2967815,-2.0402343,0.63958913,,1.5973587,0.65751445,-1.3501476,0.3642153,,,-0.017751021,-0.31736118,-0.122379154,,,,-0.3209214,-0.95808995,-2.4365892,0.070998885,-0.2452394,,,,,,,,,-1.4206319,-3.5151367,-4.67776,,0.53589714,,,-0.72541994,,-2.2941704,1.7645512,,-0.12078866,-0.06345806,-1.3622401,,,,,,-0.8826045,-0.072482385,-0.6179337,-0.8632298,-0.2418919,-0.7099186,,,0.3771314,0.30072352,-0.106842026,-0.096792005,-0.8644876,-0.28030258,-0.32669708,0.37578142,1.2712915,0.09979264,2.109352,0.67088133,0.772828
0,0,10,0.6906061,,,,,,1.1393661,0.27332762,0.306549,-1.2622234,42,5,150,-0.6940079,3.004091,0.11480871,,-0.25188243,,-1.9020088,-0.9794475,0.24116518,,-0.3923591,-0.22469944,-2.1293967,-0.85528743,,,0.4041419,-0.5781557,0.10570245,,,,0.5441383,-0.08709118,-1.500147,-0.20128784,-0.038042028,,,,,,,,,0.38207364,2.6691353,0.61171097,,2.4134147,,,1.3132033,,-0.8101246,2.9390223,,3.9888012,1.8346611,-1.3622401,,,,,,-0.6975946,1.0743085,-0.20692879,-0.5306017,4.765215,0.5715536,,,-0.2268911,-0.25141183,-0.21552159,-0.29624408,0.40849894,0.22399198,2.2948878,1.0974443,1.2258724,1.225376,1.1141373,0.77519864,-1.379516
0,0,14,0.44056964,,,,,,0.9552002,0.26240355,0.3444567,-0.6138126,44,3,16,-0.94735146,-0.030018453,-0.50237876,,0.64608586,,-1.844685,-1.5865602,-0.1820242,,-0.96994925,-0.673813,-1.2821317,-1.3998941,,,0.04381466,-0.32022476,-0.031712715,,,,-0.08842038,-0.9950031,-2.6353362,-0.19646141,-0.618719,,,,,,,,,-2.0145998,-2.3210764,-3.7112646,,1.2539024,,,0.47619522,,-0.7717324,2.843421,,1.3798147,0.41182697,-1.3622401,,,,,,-0.94860137,-0.1368141,-0.44770363,-1.1417614,0.099630676,-0.66192806,,,3.6780763,2.7935815,2.6182497,3.4181335,-0.37338656,-0.5027641,-0.34802118,-3.928148,-1.5913664,-5.0,-3.5728202,-1.0891235,-5.0
0,0,16,1.1182688,,,,,,1.092428,0.24143665,0.3094936,-1.0479088,11,7,76,-0.37568116,0.19583058,-0.40877545,,0.59245574,,-0.9981854,-1.4449468,0.7486428,,0.36952996,0.748203,-1.4762374,-0.09833681,,,0.2760825,0.10839286,0.76298267,,,,0.041395925,1.2771119,2.9446385,0.098847784,-0.14022848,,,,,,,,,4.809584,1.0416876,3.4718132,,0.7813348,,,-0.85269576,,-1.8239269,1.4090134,,-1.4643695,-0.78430057,-1.3622401,,,,,,-0.8123201,0.5018909,-0.32754013,-0.52251345,-0.1633353,-0.70681083,,,-0.2724247,-0.25391117,-0.34641072,-0.18978365,0.5051991,0.035094727,-1.976849,1.3357197,-1.2155428,-1.5935035,0.84055007,0.24679396,-0.101013005
0,0,19,2.4563308,,,,,,0.74723136,0.16814254,0.19398683,-0.60220224,4,3,11,-1.0627338,0.7959708,-0.23729701,,0.38806474,,-0.91394347,-1.914018,0.10546061,,0.9463509,1.3449246,-0.5738834,0.96403724,,,-0.6160855,0.14292388,0.26689786,,,,-0.07135361,1.9913688,2.389933,0.29595795,-0.4538236,,,,,,,,,1.0706345,-0.21755122,2.0937407,,0.88109857,,,-2.0428188,,-1.8023182,1.0410577,,-1.4872819,-0.67113686,-1.3622401,,,,,,-0.7746896,1.127827,-0.20178191,-0.99004245,1.306702,-0.35602587,,,-0.33001465,-0.24992792,-0.21043386,-0.18716551,0.09646185,-0.25215426,-0.0026227692,-1.0028232,-0.6323784,0.11272738,-0.80789155,-0.7040623,0.18430251
0,0,33,1.6634077,,,,,,1.1825691,0.20629874,0.2533362,-0.9463561,11,7,76,-0.76634747,-0.40670073,-1.0335532,,1.628502,,-1.1453923,-1.6828983,0.679352,,0.76730293,0.74079275,-1.2150673,-1.1241417,,,-0.46221966,0.2639579,1.0381435,,,,-0.22230898,0.30750072,2.128435,-0.0837783,-0.2551716,,,,,,,,,0.9279658,1.2646346,1.4531101,,1.1221316,,,-1.7215968,,-0.9166244,1.6045841,,1.2239705,0.6535751,-1.3622401,,,,,,-0.8567993,-0.31398332,-0.51072705,-0.7102324,-0.2221141,-0.8231079,,,-0.34761056,-0.28640303,-0.39997068,-0.1712152,0.20925291,0.18276569,0.010843185,1.4092927,0.0028209155,0.14763564,0.96538734,-0.26376453,0.2806289
0,1,1,3.8890383,,,,,,0.91761327,-0.40137738,0.066465005,-0.72445744,11,7,76,-0.75430506,-0.010116915,-0.5892515,,-0.21280015,,-1.0708904,-1.1216072,0.91013026,,1.6364306,1.5221335,-1.5513983,-0.22962728,,,1.3783009,-0.2837122,0.123195924,,,,0.30349612,0.40513366,1.1134429,-0.018176561,-0.29865566,,-1.0687313,,,-0.2440772,,,,0.4523336,1.0128324,0.76293766,,0.0413531,,,-1.0558392,,-1.7156979,1.8569224,,-0.35207465,-0.25069845,-1.3622401,,,,,,-0.7660334,-0.17776458,-0.47025627,-1.287999,0.19672495,-0.31982177,,,-0.21103704,-0.23529126,-0.26942882,-0.3010055,0.80866045,-0.10582041,1.4934382,1.387199,0.0953722,1.1631393,0.751976,0.3480238,0.041854702
0,1,7,1.3706135,,,,,,0.8771723,-0.2547129,0.04721028,-0.67395407,11,7,76,-1.0707834,0.7498257,-0.53085196,,1.0984992,,-1.3336679,-1.410048,1.4127568,,0.5203782,0.7441318,-0.7886583,0.64177644,,,0.22720012,0.5809068,1.1288794,,,,-1.8319756,-1.1906662,-2.0073943,-0.06987241,-0.13368075,,,,,,,,,-7.6336904,-0.004959153,-0.49716073,,-0.06457147,,,-0.93862075,,-2.3357618,1.6840621,,-0.049583804,0.19428842,-1.3622401,,,,,,-0.9747024,1.7495381,-0.2145113,-0.96593654,-0.19201073,-0.4988384,,,-0.29391283,-0.24056366,-0.2086522,-0.29458457,3.1190739,1.5246803,-0.0809758,4.015586,2.337222,5.0,0.63527656,0.009768677,0.2514555
0,1,9,2.2856984,,,,,,0.859165,-0.18324429,0.058686323,-0.7126353,11,7,76,-0.68464196,-0.15882678,-0.6403102,,0.08068264,,-1.7239702,-1.5282173,0.63958913,,1.5973587,0.65751445,-1.3501476,0.3642153,,,-0.017751021,-0.31736118,-0.122379154,,,,0.38660154,-1.3882847,-2.8332877,0.06096424,-0.23205851,,,,,,,,,-1.0405945,-3.2235444,-4.6348176,,0.67130345,,,0.103381604,,-2.3199348,2.1596951,,0.25817946,0.09526667,-1.3622401,,,,,,-0.6359861,-0.12301879,-0.6456068,-1.2560991,-0.07042615,-0.6944273,,,0.10929371,0.1541599,-0.069361,-0.0790868,-0.9628928,-0.29016426,-0.38447726,0.328347,1.0196097,0.08132971,1.5504766,0.5794225,0.89861226
0,1,10,0.6906061,,,,,,1.5746107,-0.46350297,0.057436556,-0.79710346,42,5,150,-0.77995664,2.211917,0.40626305,,0.19317105,,-2.4934769,-1.4928737,0.24116518,,-0.3923591,-0.22469944,-2.1293967,-0.85528743,,,0.4041419,-0.5781557,0.10570245,,,,0.08506595,0.122508846,-1.76413,-0.5170681,-0.40061024,,,,,,,,,1.2488024,6.5620527,4.14475,,3.8809578,,,1.1159216,,0.68526083,2.9190302,,12.235433,6.5404873,-1.3622401,,,,,,-1.0922984,0.93341714,-0.24600564,-0.49853447,5.864668,1.6990415,,,-0.24006584,-0.25931704,-0.28802446,-0.26558685,0.2495265,0.32473677,0.8948543,2.43331,1.4981215,2.6858563,3.4055932,1.7135445,3.9024255
0,1,14,0.44056964,,,,,,1.117326,-0.3803538,0.05252661,-0.87203586,44,3,16,-0.76099515,-0.018354153,-0.6018888,,0.48954487,,-1.6670504,-1.2460192,-0.1820242,,-0.96994925,-0.673813,-1.2821317,-1.3998941,,,0.04381466,-0.32022476,-0.031712715,,,,0.4466084,-0.8296821,-2.999966,-0.34868768,-0.8513084,,,,,,,,,-0.99437934,1.4476026,-2.2682242,,1.3913164,,,1.5522262,,-0.12760171,2.9300883,,4.521157,0.7428744,-1.3622401,,,,,,-1.0362628,-0.20869534,-0.51152897,-1.251365,0.24926224,-0.5468246,,,1.9585085,2.6329863,3.395095,2.9300678,-0.22542831,-0.18967153,0.17740506,-2.7164347,-0.9446509,-3.1077323,-2.9566696,-0.5684284,-4.121665
0,1,16,1.1182688,,,,,,0.56707007,-0.35652667,0.041889895,-0.89301765,11,7,76,-0.80552053,0.28141445,-0.538466,,0.5577179,,-1.3428777,-1.3707495,0.7486428,,0.36952996,0.748203,-1.4762374,-0.09833681,,,0.2760825,0.10839286,0.76298267,,,,0.17013519,1.0835854,2.6690176,0.081181824,-0.3975468,,,,,,,,,4.3125772,0.64769936,4.894254,,1.0216161,,,-1.2829618,,-1.2665837,1.6006949,,-0.34372017,-0.44255942,-1.3622401,,,,,,-0.7254068,0.22511466,-0.38822186,-0.9945226,0.2749151,-0.44305804,,,-0.30882928,-0.2629238,-0.36546615,-0.22714771,-0.49943787,0.019728763,-1.9216826,0.08228332,-0.7301133,-2.1379218,0.8394786,0.27143547,0.26310807
0,1,19,2.4563308,,,,,,0.77427685,-0.2780017,0.037936773,-0.5097927,4,3,11,-0.6947854,0.5333244,-0.2742577,,0.7687425,,-0.87208986,-1.7554246,0.10546061,,0.9463509,1.3449246,-0.5738834,0.96403724,,,-0.6160855,0.14292388,0.26689786,,,,-0.0035917365,1.3426158,2.8674514,0.18922879,-0.17752427,,,,,,,,,1.4902543,-0.19108914,4.503194,,1.403627,,,-1.1863508,,-1.1757603,0.95201427,,-1.0602502,-0.83069485,-1.3622401,,,,,,-0.9599062,0.60134035,-0.31472495,-1.0488634,0.7174526,-0.15971018,,,-0.33440793,-0.18558021,-0.31570727,-0.20422493,0.05218085,-0.29272497,0.020855082,-1.1949112,-0.6438648,0.043989025,-1.6449779,-0.6478507,0.03960856
0,1,33,1.6634077,,,,,,0.85219675,-0.27772987,0.05552595,-0.6164951,11,7,76,-1.3903123,-0.28439295,-0.6742838,,2.4792216,,-1.3905044,-1.1662557,0.679352,,0.76730293,0.74079275,-1.2150673,-1.1241417,,,-0.46221966,0.2639579,1.0381435,,,,-0.14361866,0.06210178,2.0318918,-0.07893024,-0.35329458,,,,,,,,,0.90826875,1.0776008,1.9888772,,1.3979536,,,-1.4124488,,-1.4261987,1.2297348,,0.91332334,0.8153318,-1.3622401,,,,,,-0.7892506,-0.48351264,-0.949893,-1.1521844,-0.15806325,-0.64976895,,,-0.34797788,-0.29081854,-0.2902257,-0.2161552,0.2143744,0.24686137,-0.051140625,1.20367,-0.07981067,0.08794332,1.4015226,-0.24041234,0.18104102
0,2,1,3.8890383,,,,,,1.1426345,0.165851,0.2226296,-0.4078076,11,7,76,-1.0274569,-0.08752936,-0.4988085,,-0.31135154,,-1.0542538,-0.98358417,0.91013026,,1.6364306,1.5221335,-1.5513983,-0.22962728,,,1.3783009,-0.2837122,0.123195924,,,,0.47697583,0.71305513,1.7678105,-0.017147047,-0.2420679,,-0.60803753,,,-0.6699091,,,,0.42888376,0.7361036,0.81263417,,0.19783685,,,-0.81023175,,-1.9639702,1.7600973,,-0.31082612,-0.17065607,-1.3622401,,,,,,-0.5853316,-0.0852755,-0.6624715,-0.9521479,0.0155714275,-0.52068365,,,-0.24760793,-0.20549443,-0.33017802,-0.24990952,1.0083266,-0.11090404,1.1063707,1.5074927,0.13243665,1.1657331,1.1638323,0.33713707,-0.121286966
0,2,7,1.3706135,,,,,,0.5580279,0.1401768,0.16527937,-0.5440819,11,7,76,-0.7137685,0.44838384,-0.5715301,,0.43858507,,-1.3945112,-1.1170478,1.4127568,,0.5203782,0.7441318,-0.7886583,0.64177644,,,0.22720012,0.5809068,1.1288794,,,,-1.0340666,-1.3577483,-1.6759716,-0.0763605,-0.18574461,,,,,,,,,-11.0817175,-0.0029219915,-0.715785,,1.0746293,,,-1.6510577,,-1.3961927,1.0677342,,0.36949304,0.41522795,-1.3622401,,,,,,-0.584754,0.70428073,-0.2166199,-1.2419354,-0.20929465,-0.60194194,,,-0.25025916,-0.33911684,-0.24245417,-0.41209742,4.780859,1.5830809,-0.5236523,2.77636,1.5888848,5.0,0.5901351,0.07890625,0.47776246
0,2,9,2.2856984,,,,,,0.99923986,0.16916288,0.14985418,-0.88797295,11,7,76,-1.2589624,-0.2471559,-0.52245545,,-0.0821498,,-1.6593449,-1.2719079,0.63958913,,1.5973587,0.65751445,-1.3501476,0.3642153,,,-0.017751021,-0.31736118,-0.122379154,,,,0.18970641,-1.2999655,-3.0040944,0.076132715,-0.27633566,,,,,,,,,-1.3108203,-2.1535287,-3.477402,,0.24775653,,,0.12720588,,-1.6755307,1.7276068,,0.37382066,0.156016,-1.3622401,,,,,,-1.0110887,-0.25814542,-0.5056056,-1.2493842,-0.13113487,-0.6714992,,,0.042206936,0.045351624,-0.11946055,-0.11202145,-0.89195454,-0.21887048,-0.34486383,0.44268507,1.0918863,-0.0098240245,1.63744,0.45513856,0.72307795
0,2,10,0.6906061,,,,,,0.9019145,0.24861218,0.23544417,-0.7949902,42,5,150,-0.55206937,3.0568104,0.5336028,,0.08855789,,-1.9937711,-0.96094054,0.24116518,,-0.3923591,-0.22469944,-2.1293967,-0.85528743,,,0.4041419,-0.5781557,0.10570245,,,,0.2854245,0.19458976,-1.6297022,-0.30832896,-0.16860832,,,,,,,,,-0.0845822,-4.452238,-0.2923294,,1.533943,,,-1.209517,,0.006002988,0.75390047,,2.9654238,3.4803944,-1.3622401,,,,,,-0.8692222,1.9381046,0.06635597,-0.50872165,2.9821763,1.2683401,,,-0.23444314,-0.11747699,-0.28894874,-0.2336224,-1.2735212,-0.40501142,-2.0407822,-0.33398128,0.8836241,-1.1659019,1.392162,1.4558693,0.79925495
0,2,14,0.44056964,,,,,,1.3061656,0.29454482,0.29819098,-0.80784225,44,3,16,-0.73253524,-0.07781929,-0.553212,,0.6472804,,-1.9055183,-1.065817,-0.1820242,,-0.96994925,-0.673813,-1.2821317,-1.3998941,,,0.04381466,-0.32022476,-0.031712715,,,,0.5022064,-0.7770092,-2.7517335,-0.34284097,-0.989397,,,,,,,,,-0.9421053,1.1031921,-2.2087815,,1.1543084,,,1.7637093,,-0.09418043,3.5131652,,3.3326242,2.0439036,-1.3622401,,,,,,-0.6633643,-0.24543895,-0.6428515,-1.3072348,0.031795952,-0.56914765,,,1.0187484,1.4763224,2.2587397,2.7391925,-0.21780673,-0.36406845,0.37032694,-2.5491874,-0.8422419,-5.0,-2.704485,-1.0176903,-5.0
0,2,16,1.1182688,,,,,,1.0184788,0.24150346,0.1807488,-1.1551006,11,7,76,-0.9084406,0.067167744,-0.42844632,,0.9006879,,-0.90681,-1.5706711,0.7486428,,0.36952996,0.748203,-1.4762374,-0.09833681,,,0.2760825,0.10839286,0.76298267,,,,0.19198947,0.49768442,2.583462,0.06840209,-0.41381246,,,,,,,,,4.917941,4.787303,5.661465,,1.7361782,,,-0.38926777,,-0.9967697,1.9751898,,-0.18781976,-0.3603949,-1.3622401,,,,,,-0.8575609,0.05165792,-0.36363435,-0.9946964,0.097572364,-0.49149,,,-0.3620257,-0.23733471,-0.29948318,-0.2906694,0.9533555,0.9140527,-0.15021424,1.5615584,-0.15076245,-0.008319059,1.1808245,0.28798988,0.33947152
0,2,19,2.4563308,,,,,,0.80379707,0.14924727,0.19141458,-0.672549,4,3,11,-0.8753785,0.4493007,-0.33075073,,0.34880722,,-1.8291878,-1.6015784,0.10546061,,0.9463509,1.3449246,-0.5738834,0.96403724,,,-0.6160855,0.14292388,0.26689786,,,,0.6459762,0.8248756,3.047696,0.190283,-0.5164948,,,,,,,,,2.1213892,-0.08953069,2.2154398,,0.08514104,,,-1.2795885,,-1.9877098,0.9348266,,-0.86410147,-0.61231494,-1.3622401,,,,,,-0.77059686,0.34234437,-0.30333856,-0.66175556,0.32670826,-0.26057333,,,-0.36093977,-0.22756565,-0.27576467,-0.23160224,0.06307448,-0.25388792,-0.39047235,-1.206091,-0.73936063,-0.0057776417,-1.3765391,-0.7331783,0.31106701
0,2,33,1.6634077,,,,,,1.1256073,0.21150889,0.19403937,-0.78886884,11,7,76,-0.9069841,-0.327488,-0.7765606,,1.3414179,,-0.9165436,-1.0497499,0.679352,,0.76730293,0.74079275,-1.2150673,-1.1241417,,,-0.46221966,0.2639579,1.0381435,,,,0.05441831,0.18552633,2.5216212,-0.099532016,-0.4895348,,,,,,,,,1.1927999,0.5337581,1.8285819,,1.1719941,,,-1.4060471,,-1.3225709,1.4817024,,0.5195662,0.5471314,-1.3622401,,,,,,-0.7482265,-0.30704847,-0.6295823,-1.2460221,-0.17188951,-0.5786861,,,-0.26563492,-0.32671106,-0.38005462,-0.25971487,0.18278562,0.19689178,-0.46117058,1.7182432,-0.06883113,-0.007666193,2.1127684,-0.38584003,0.53101015
0,3,1,3.8890383,,,,,,0.7722374,0.28979823,0.25589478,-0.49645472,11,7,76,-1.0218898,-0.24672365,-0.59427685,,-0.508004,,-0.7168171,-1.7241651,0.91013026,,1.6364306,1.5221335,-1.5513983,-0.22962728,,,1.3783009,-0.2837122,0.123195924,,,,0.284609,0.2906089,1.811156,-0.018593838,-0.35773507,,-1.0704738,,,-1.029839,,,,0.31298086,0.9496758,0.7761687,,0.71381575,,,1.2461046,,-1.8727143,2.0931919,,-0.13245784,-0.24330866,-1.3622401,,,,,,-0.974436,-0.18582775,-0.52782094,-1.2132808,-0.13091011,-0.49786085,,,-0.15978791,-0.26639906,-0.15964656,-0.27154374,0.8480023,-0.07623856,1.4165443,1.4948584,0.18086877,0.8421026,0.96164614,0.34682116,0.28598845
0,3,7,1.3706135,,,,,,0.8140347,0.25344387,0.22273797,-0.64286166,11,7,76,-0.6730309,0.22745927,-0.57452464,,0.20394611,,-1.2933997,-1.423139,1.4127568,,0.5203782,0.7441318,-0.7886583,0.64177644,,,0.22720012,0.5809068,1.1288794,,,,-1.1801448,-0.9464179,-2.1723733,-0.07788926,-0.1710979,,,,,,,,,-9.88339,-0.0041429005,-0.5468555,,0.9349349,,,-1.1968277,,-1.5900587,0.9913364,,0.2369442,0.43548664,-1.3622401,,,,,,-0.5205203,0.36218807,-0.21514624,-1.0024881,-0.2838143,-0.55159307,,,-0.3768377,-0.22473188,-0.35428333,-0.22507784,4.2391977,1.7707174,-0.3420819,3.249388,1.9429102,5.0,0.755332,0.02229162,0.32045883
0,3,9,2.2856984,,,,,,0.9566545,0.16733696,0.332983,-0.6651572,11,7,76,-0.8417869,-0.063534595,-0.42308983,,-0.09742988,,-0.8488962,-1.2580054,0.63958913,,1.5973587,0.65751445,-1.3501476,0.3642153,,,-0.017751021,-0.31736118,-0.122379154,,,,0.004744061,-1.2553252,-2.9182746,0.014616743,-0.28704014,,,,,,,,,-0.7104437,0.5190996,-2.8228457,,0.9811559,,,1.0723894,,-1.5880603,2.7516742,,0.8605045,0.70638067,-1.3622401,,,,,,-0.62107617,-0.32131675,-0.49752706,-1.2567874,0.16292928,-0.4508626,,,-0.04197488,-0.030275768,-0.14940746,-0.14967631,-0.644806,-0.15400453,0.10074664,0.6917044,1.934736,0.44084758,1.7384646,0.7022852,1.3428006
0,3,10,0.6906061,,,,,,1.0202762,0.2949987,0.23270345,-0.5814214,42,5,150,-0.55029637,2.9760242,0.47108552,,0.38454404,,-1.8440738,-1.239828,0.24116518,,-0.3923591,-0.22469944,-2.1293967,-0.85528743,,,0.4041419,-0.5781557,0.10570245,,,,0.62754136,-0.018895011,-2.1428394,-0.2566091,-0.12073114,,,,,,,,,-0.3761029,-4.5932317,-0.6806563,,1.1151458,,,-2.103889,,-0.8026048,1.0902492,,0.22195415,2.127659,-1.3622401,,,,,,-0.50796497,2.030972,0.22051099,-0.48744476,4.124407,1.0103333,,,0.4697417,0.32934147,-0.16337872,-0.15779613,-0.99172896,-0.41545328,-1.3123327,-0.4904087,0.45593348,-1.5227525,0.72908705,0.9406859,-0.28188136
0,3,14,0.44056964,,,,,,1.106916,0.22612785,0.21593024,-0.90314597,44,3,16,-0.96741456,0.21600932,-0.6351273,,0.4499171,,-1.5491599,-1.4096624,-0.1820242,,-0.96994925,-0.673813,-1.2821317,-1.3998941,,,0.04381466,-0.32022476,-0.031712715,,,,-0.2750841,-0.73940414,-2.5138707,-0.5305376,-1.3221558,,,,,,,,,-0.70015544,2.882362,-1.1210501,,1.4373286,,,2.2291164,,-0.14548475,3.224013,,4.3271294,2.615097,-1.3622401,,,,,,-0.94431627,-0.28576806,-0.43003854,-1.4091728,0.5672215,-0.4775675,,,0.6563586,0.90992516,2.9726465,2.5616353,-0.30740303,-0.42537782,0.1849775,-1.336172,-0.7016641,-3.263521,-1.4661096,-0.45770067,-4.0520353
0,3,16,1.1182688,,,,,,0.98443687,0.266995,0.29805705,-0.78305477,11,7,76,-1.0679401,-0.06866834,-0.42084065,,0.4054689,,-1.0848583,-1.4385898,0.7486428,,0.36952996,0.748203,-1.4762374,-0.09833681,,,0.2760825,0.10839286,0.76298267,,,,-0.14645812,0.5545557,3.4965425,0.09293132,-0.39358494,,,,,,,,,3.969168,4.7225823,2.6742125,,1.6716462,,,2.0815964,,-1.5859362,1.7878809,,-0.17441046,-0.4553711,-1.3622401,,,,,,-0.7998154,-0.08129603,-0.32649377,-1.1355959,-0.02831433,-0.7988799,,,-0.24824132,-0.3253604,-0.28368282,-0.26045167,1.0782179,0.80142385,-0.2020715,1.3986613,-0.18630107,-0.03773469,0.7313638,0.29115516,0.30523342
0,3,19,2.4563308,,,,,,0.6046313,0.16879675,0.19672628,-0.51339376,4,3,11,-0.7748644,0.202816,-0.27641287,,0.08454702,,-1.2363753,-1.9787679,0.10546061,,0.9463509,1.3449246,-0.5738834,0.96403724,,,-0.6160855,0.14292388,0.26689786,,,,0.3120619,1.6888129,2.2071729,0.2734531,-0.50767773,,,,,,,,,1.1383876,-0.05043276,2.5114934,,1.3021145,,,1.7521843,,-1.9799021,0.7922107,,-0.6697694,-0.9068643,-1.3622401,,,,,,-0.66654384,0.10662941,-0.22473475,-1.1471974,0.22331567,-0.33958274,,,-0.30575642,-0.24561559,-0.32674372,-0.14873743,0.036323797,-0.30647197,-0.6755306,-0.87110907,-0.7557539,-0.024068924,-1.1769682,-0.6163769,0.5719732
0,3,33,1.6634077,,,,,,1.3850765,0.22045721,0.36665362,-0.90303904,11,7,76,-0.8041443,-0.40800664,-0.68159056,,1.0968108,,-1.3291725,-1.3358179,0.679352,,0.76730293,0.74079275,-1.2150673,-1.1241417,,,-0.46221966,0.2639579,1.0381435,,,,-0.30574268,0.021230446,2.2292502,-0.08479572,-0.33695573,,,,,,,,,0.8500101,0.35483813,1.9914237,,1.1975136,,,1.9504006,,-1.1282967,0.9060988,,0.19091615,0.32634592,-1.3622401,,,,,,-0.9577349,-0.2861711,-0.41791943,-0.67108613,-0.27392673,-0.36369693,,,-0.23460479,-0.22296481,-0.24713245,-0.25831944,0.25940582,0.21935134,-0.24094033,0.9769127,-0.07400222,-0.04084074,1.1335375,-0.40490457,0.2954826
0,4,1,3.8890383,,,,,,0.89874554,0.43445346,0.38899285,-0.98732674,11,7,76,-0.83985853,-0.26799437,-0.46250418,,-0.5893841,-0.29042867,-0.9865641,-0.9350141,0.91013026,,1.6364306,1.5221335,-1.5513983,-0.22962728,,,1.3783009,-0.2837122,0.123195924,,,,0.07689157,0.5241916,1.4048169,-0.020191291,-0.21546903,,-0.39556935,,,-0.6374792,,,,0.46090594,0.5751057,0.6356083,,0.019626645,,,0.3860751,,-2.0644658,1.2684804,,-0.18167847,-0.15301004,-1.3622401,,,,,,-0.8177787,-0.29309478,-0.60058117,-1.0449691,-0.20850082,-0.37895587,,,-0.35241103,-0.26258495,-0.29835847,-0.31764,1.1517843,-0.057640165,0.850682,1.4369042,0.045719482,0.7289128,0.6256933,0.14034855,-0.56481206
0,4,7,1.3706135,,,,,,0.41693565,0.32074225,0.21532609,-0.6016379,11,7,76,-1.0565408,0.016873347,-0.36307812,,0.13750921,0.17556304,-0.9218804,-1.4288969,1.4127568,,0.5203782,0.7441318,-0.7886583,0.64177644,,,0.22720012,0.5809068,1.1288794,,,,-1.5033987,-1.575232,-2.3148882,-0.056353003,-0.14691828,,,,,,,,,-9.137309,-0.0030558573,-0.5076749,,1.0613676,,,-1.8333477,,-1.5387703,1.3858298,,-0.42858592,0.110973746,-1.3622401,,,,,,-0.5562311,0.22406876,-0.23787895,-1.190644,-0.16755041,-0.9713705,,,-0.22054824,-0.2137735,-0.34663582,-0.3080733,4.538052,1.711531,-0.21964139,2.794731,1.0516886,5.0,0.27423218,-0.2624125,-0.3321884
0,4,9,2.2856984,,,,,,0.96673924,0.42877102,0.36808953,-1.1645871,11,7,76,-0.8414097,-0.07758501,-0.6559219,,-0.25104654,-0.3310679,-0.7615931,-1.2216388,0.63958913,,1.5973587,0.65751445,-1.3501476,0.3642153,,,-0.017751021,-0.31736118,-0.122379154,,,,0.15163104,-1.0525905,-2.689314,0.040952217,-0.37125546,,,,,,,,,1.4728252,9.82175,1.067649,,1.3520124,,,1.1034105,,-1.3878456,2.2876382,,0.49721748,0.34017676,-1.3622401,,,,,,-1.057611,-0.14434105,-0.635931,-1.5865246,0.07766521,-0.6782692,,,-0.08420644,-0.09726022,-0.14123167,-0.100807294,3.144852,1.7985604,5.0,3.1276796,3.3246362,5.0,1.4831814,0.52550167,0.37333965
0,4,10,0.6906061,,,,,,1.1302081,0.40835854,0.43628848,-0.64512765,42,5,150,-0.5341364,1.6307948,0.49228963,,0.49865338,0.17848638,-2.2442048,-0.64715093,0.24116518,,-0.3923591,-0.22469944,-2.1293967,-0.85528743,,,0.4041419,-0.5781557,0.10570245,,,,1.9956352,0.38958365,-3.4815402,-0.14789972,-0.12009582,,,,,,,,,-37.887634,-311.4182,-78.44588,,1.895651,,,-1.2607349,,0.16416034,1.0882716,,0.19799377,1.6857309,-1.3622401,,,,,,-0.8061635,0.9732496,0.1781403,-0.49280193,0.9523815,0.6865676,,,1.5578663,0.6054135,0.065898016,0.06884697,-5.0,-5.0,-5.0,-5.0,-5.0,-5.0,0.32598454,0.8450815,0.11915275
0,4,14,0.44056964,,,,,,0.9576565,0.35645637,0.34079465,-0.7101506,44,3,16,-0.9874831,0.006623612,-0.49105904,,0.38083243,0.33454782,-1.7755349,-0.90529025,-0.1820242,,-0.96994925,-0.673813,-1.2821317,-1.3998941,,,0.04381466,-0.32022476,-0.031712715,,,,0.31028333,-0.71395403,-2.435319,-0.3078597,-0.94272435,,,,,,,,,0.099986956,8.632262,1.2490281,,1.7332845,,,1.9054493,,0.15478028,3.0884893,,3.6274872,2.4307065,-1.3622401,,,,,,-0.9505984,-0.2456698,-0.74481237,-0.8144633,0.35442388,-0.35765943,,,0.46216363,0.3091454,2.4215853,2.948789,0.96531427,0.4216996,2.530996,-0.55405396,-0.00599712,-0.64475185,-2.848184,-0.5692455,-3.6569746
0,4,16,1.1182688,,,,,,0.9501399,0.2770038,0.2193457,-0.8578271,11,7,76,-1.0385643,-0.22264615,-0.724992,,0.21695621,0.48667532,-0.7377178,-0.9315792,0.7486428,,0.36952996,0.748203,-1.4762374,-0.09833681,,,0.2760825,0.10839286,0.76298267,,,,0.1568115,0.84850675,3.3271148,0.09256835,-0.36886254,,,,,,,,,1.4166635,-12.179749,-1.1306937,,1.1463953,,,2.141898,,-1.1793088,1.5091132,,-0.1629557,-0.4428776,-1.3622401,,,,,,-0.6195006,-0.20713098,-0.49935305,-1.0778673,-0.14470607,-0.29473165,,,-0.28444406,-0.1971121,-0.2609245,-0.17978539,-4.2348194,-1.5790268,-5.0,-3.155832,-2.6910868,-5.0,0.5068441,0.16302578,-0.31395435
0,4,19,2.4563308,,,,,,0.8778127,0.29259107,0.15165812,-0.4644995,4,3,11,-0.8065001,-0.010463885,-0.30117843,,-0.10697868,0.12747051,-0.8025953,-1.6346428,0.10546061,,0.9463509,1.3449246,-0.5738834,0.96403724,,,-0.6160855,0.14292388,0.26689786,,,,0.6660392,1.280845,3.0697963,0.24851452,-0.49295393,,,,,,,,,-0.43434322,-15.790215,-2.329371,,0.9603749,,,-1.0023893,,-1.4443735,0.67306167,,-0.35369727,-0.48626944,-1.3622401,,,,,,-0.61271524,-0.023252936,-0.26551324,-0.6478829,0.014363873,-0.27073672,,,-0.26702005,-0.2786321,-0.3266869,-0.25917882,-4.571598,-2.7437544,-5.0,-5.0,-3.0171127,-5.0,-1.7309424,-0.5658864,0.24163684
0,4,33,1.6634077,,,,,,1.0675052,0.38348037,0.32318074,-0.9506613,11,7,76,-0.6357711,0.63167,-0.5632859,,1.0249071,1.4081117,-0.9001349,-1.3153368,0.679352,,0.76730293,0.74079275,-1.2150673,-1.1241417,,,-0.46221966,0.2639579,1.0381435,,,,0.24103805,-0.14574781,2.0366194,-0.057912063,-0.44541842,,,,,,,,,-0.07426429,-4.63524,-0.60859543,,1.1807497,,,-1.4728881,,-0.9276428,0.8164608,,0.1562507,0.596018,-1.3622401,,,,,,-0.60135865,0.39773285,-0.51642215,-1.0356226,0.5849636,-0.49590084,,,-0.18455724,-0.29209876,-0.25494367,-0.22783238,-1.4022164,-0.47068954,-2.3152885,-0.43121967,-0.7588132,-2.6758535,0.8915553,-0.42114687,-0.2889878
0,5,1,3.8890383,,,,,,1.0244242,1.1075536,0.7759211,-0.9705288,11,7,76,-1.0407475,0.2528967,-0.46699587,,-0.3485562,-0.351466,-0.71719724,-1.0762426,0.91013026,,1.6364306,1.5221335,-1.5513983,-0.22962728,,,1.3783009,-0.2837122,0.123195924,,,,0.75889724,0.51046926,1.2526723,0.054917477,-0.19109002,,-0.4944823,,,-0.4412772,,,,0.29257438,0.32017022,0.46832648,,0.8847913,,,-2.221262,,-1.3952576,1.3292375,,-1.9811783,-1.1490414,-1.3622401,,,,,,-1.0119222,0.6598588,-0.4101281,-0.6516955,-0.19224119,-0.50349146,,,-0.36159733,-0.252447,-0.37526283,-0.21676287,1.3104241,0.08531069,1.4474081,0.50017637,0.28207755,1.095854,-0.49658602,-0.018273091,-0.8322132
0,5,7,1.3706135,,,,,,1.096373,0.73797095,0.60348374,-0.7595761,11,7,76,-1.1023332,0.07183785,-0.42262927,,-0.059872173,0.14383376,-0.5736673,-0.91282594,1.4127568,,0.5203782,0.7441318,-0.7886583,0.64177644,,,0.22720012,0.5809068,1.1288794,,,,-1.3288459,-1.4444429,-1.6239017,-0.046381988,-0.16241318,,,,,,,,,-7.520393,-0.0023545586,-0.7524786,,0.35875973,,,1.3583308,,-1.8625737,0.7242219,,-0.18138032,0.1428349,-1.3622401,,,,,,-0.8775457,0.4234824,-0.16359404,-0.88763535,-0.26724678,-0.7098071,,,-0.31074965,-0.22400448,-0.2951541,-0.1873975,2.9166715,1.572808,-0.29547474,3.0491593,1.1861444,4.525191,0.34898326,-0.1278953,0.29639348
0,5,9,2.2856984,,,,,,1.2100197,1.3822265,0.8518724,-0.5559253,11,7,76,-0.7893325,-0.13199268,-0.72778356,,-0.08010382,-0.22541347,-1.0776889,-0.90239954,0.63958913,,1.5973587,0.65751445,-1.3501476,0.3642153,,,-0.017751021,-0.31736118,-0.122379154,,,,-0.7044943,-1.2880507,-2.1611223,0.09574591,-0.23460737,,,,,,,,,0.96249384,8.787444,1.7327098,,-0.1275487,,,-0.16684885,,-2.2261925,1.4881475,,-0.5680594,-0.06311757,-1.3622401,,,,,,-0.95414907,-0.20801808,-0.7023115,-0.8731738,-0.09073467,-0.57461715,,,-0.14647765,-0.1780723,-0.160488,-0.14758207,2.64193,1.2010434,5.0,3.17332,3.6857116,5.0,0.74148625,0.39040807,0.86958677
0,5,10,0.6906061,,,,,,1.2117285,1.4827205,0.65795225,-1.0659176,42,5,150,-0.66413945,0.8602404,0.588951,,0.7299744,0.39057395,-2.397231,-1.2517722,0.24116518,,-0.3923591,-0.22469944,-2.1293967,-0.85528743,,,0.4041419,-0.5781557,0.10570245,,,,2.9687612,1.6375278,-3.1334503,-0.21869922,-0.15945856,,,,,,,,,-49.94656,-225.39804,-81.27974,,1.2664037,,,-0.56757855,,-0.60593814,1.0746824,,1.0363941,1.0967715,-1.3622401,,,,,,-0.79621434,0.69023144,0.14405474,-0.49567047,1.4883193,0.6983272,,,1.7864949,2.5747416,0.22997376,0.36413887,-5.0,-5.0,-5.0,-5.0,-5.0,-5.0,0.60025257,0.8256749,0.8885911
0,5,14,0.44056964,,,,,,1.1214538,1.7926857,1.0526696,-0.8541767,44,3,16,-0.79327536,-0.1545583,-0.65895,,0.36288333,0.46881947,-1.5940313,-1.1733935,-0.1820242,,-0.96994925,-0.673813,-1.2821317,-1.3998941,,,0.04381466,-0.32022476,-0.031712715,,,,-0.060180172,-0.9267977,-2.5863137,-0.6499444,-1.1847507,,,,,,,,,0.16313311,4.2121086,0.9855387,,2.331065,,,2.409198,,0.119554825,3.2320986,,6.3578076,4.145807,-1.3622401,,,,,,-0.7439311,-0.298784,-0.58551115,-1.3186287,0.15529704,-0.32632607,,,0.1743147,0.20807935,2.78826,1.8137958,0.5134498,0.015053266,1.329717,-0.29742208,0.06651004,-0.37009156,-0.89341915,0.03407822,-2.86831
0,5,16,1.1182688,,,,,,1.2712541,1.4624892,0.77003664,-0.7461592,11,7,76,-0.9334657,-0.28525007,-0.69447947,,0.013017686,0.37353194,-1.0014054,-0.89746004,0.7486428,,0.36952996,0.748203,-1.4762374,-0.09833681,,,0.2760825,0.10839286,0.76298267,,,,0.40969992,0.55614483,3.114953,0.10998325,-0.41652656,,,,,,,,,1.7160611,-5.7214947,-1.1778811,,1.2668898,,,2.729537,,-0.84432864,1.5558546,,-0.08999155,-0.51771116,-1.3622401,,,,,,-1.206134,-0.18888114,-0.33207008,-1.1543717,-0.24149577,-0.37772763,,,-0.24825408,-0.23925108,-0.2444506,-0.2825197,-2.3137822,-1.6092945,-5.0,-2.3189232,-1.5627092,-5.0,0.39283052,0.26999834,0.20377268
0,5,19,2.4563308,,,,,,0.8823295,0.92302066,0.40824428,-0.644397,4,3,11,-0.8373102,-0.069891155,-0.21228303,,0.15749423,0.1872995,-0.8275585,-2.1673663,0.10546061,,0.9463509,1.3449246,-0.5738834,0.96403724,,,-0.6160855,0.14292388,0.26689786,,,,1.0786622,1.4502654,2.3405013,0.24837136,-0.454737,,,,,,,,,-0.50318456,-8.988933,-2.7657857,,1.2269484,,,-0.7395994,,-1.6830026,0.32305887,,-0.228136,-0.6923772,-1.3622401,,,,,,-0.92563546,-0.10984944,-0.3003515,-1.0246243,0.020195626,-0.16916321,,,-0.30107838,-0.30835885,-0.35405838,-0.27287477,-5.0,-2.7169735,-5.0,-4.940751,-2.5517907,-5.0,-1.4572442,-0.48148385,0.5380881
0,5,33,1.6634077,,,,,,1.0878282,1.9443469,0.82850313,-0.55534637,11,7,76,-0.852607,0.21042514,-0.59332585,,1.2880362,1.4690878,-0.8789737,-1.0611856,0.679352,,0.76730293,0.74079275,-1.2150673,-1.1241417,,,-0.46221966,0.2639579,1.0381435,,,,0.7158165,0.074849755,1.1091717,-0.07306187,-0.482639,,,,,,,,,-0.05440473,-3.2422729,-0.6514183,,0.750623,,,-1.5359136,,-0.83886963,1.0127445,,0.2924232,0.58953977,-1.3622401,,,,,,-0.8699741,0.29420325,-0.40363476,-0.72601897,0.29233631,-0.35382545,,,-0.15148821,-0.24414036,-0.29893342,-0.20506947,-1.0355247,-0.4608343,-2.884479,-0.3465095,-1.1065531,-2.494746,1.0981199,-0.48046723,0.30622122
0,6,1,3.8890383,,,,,,0.85605484,-0.82163346,0.121908516,-0.8564724,11,7,76,-0.57439125,0.6725613,-0.3649788,,-0.13823204,-0.3164047,-0.8864625,-0.7846652,0.91013026,,1.6364306,1.5221335,-1.5513983,-0.22962728,,,1.3783009,-0.2837122,0.123195924,,,,-0.17124246,0.3080271,2.2749352,0.067940414,-0.098753676,,-1.2687184,,,-0.3653885,,,,0.50548476,0.2775003,0.5353657,,0.80690724,,,-1.4924046,,-1.8410448,0.7653191,,-2.0729442,-0.95675814,-1.3622401,,,,,,-1.0317177,0.5546282,-0.3449369,-0.77412087,0.51886696,-0.3651668,,,-0.2983418,-0.31472537,-0.33098704,-0.16855948,1.4923044,0.17937253,1.0747782,0.6964377,0.18821207,0.96212715,-1.0716529,0.049546,-0.17284222
0,6,7,1.3706135,,,,,,0.945231,-0.64166635,0.08290414,-0.7688431,11,7,76,-0.9597717,-0.09863389,-0.42366633,,-0.09286161,0.09085765,-1.017634,-0.87900347,1.4127568,,0.5203782,0.7441318,-0.7886583,0.64177644,,,0.22720012,0.5809068,1.1288794,,,,-1.2165776,-1.1486531,-1.9493022,-0.0658564,-0.15542524,,,,,,,,,-8.40516,-0.0018743227,-0.5805346,,0.48716536,,,-1.7436457,,-1.7626035,0.86283207,,-0.13807835,0.066805445,-1.3622401,,,,,,-0.8737728,0.1924302,-0.12223801,-0.92817706,-0.33913574,-0.8811047,,,-0.21087268,-0.23143762,-0.29348147,-0.3006501,5.0,1.9021912,-1.8625664,2.598734,0.6421059,5.0,0.43305254,-0.08122208,2.6091466
